<Project name="Department of 3 levels">  
    <Activities name="Architecture Supervision" price="160000.0">  
        <responsible name="Oscar Blancarte" price="1500.0" />  
        <Activities name="First floor" price="150000.0">  
            <responsible name="Juan Perez" price="1300.0" />  
            <Activities name="Obra negra" price="40000.0">  
                <responsible name="Alejandro Lopez" price="300.0" />  
            </Activities>  
            <Activities name="Gray work" price="30000.0">  
                <responsible name="Vladimir Torres" price="300.0" />  
            </Activities>  
            <Activities name="Finishes" price="70000.0">  
                <responsible name="Sofia Galindo" price="300.0" />  
            </Activities>  
        </Activities>  
        <Activities name="Second floor" price="160000.0">  
            <responsible name="Liliana Castro" price="1000.0" />  
            <Activities name="Gray work" price="50000.0">  
                <responsible name="Laura Sanchez" price="1000.0" />  
            </Activities>  
            <Activities name="Gray work" price="40000.0">  
                <responsible name="Alejandro Lopez" price="300.0" />  
            </Activities>  
            <Activities name="Finishes" price="80000.0">  
                <responsible name="Sofia Galindo" price="300.0" />  
            </Activities>  
        </Activities>  
        <Activities name="Third floor" price="200000.0">  
            <responsible name="Juan Perez" price="1300.0" />  
            <Activities name="Black work" price="50000.0">  
                <responsible name="Laura Sanchez" price="1000.0" />  
            </Activities>  
            <Activities name="Gray work" price="40000.0">  
                <responsible name="Vladimir Torres" price="300.0" />  
            </Activities>  
            <Activities name="Finishes" price="80000.0">  
                <responsible name="Sofia Galindo" price="300.0" />  
            </Activities>  
        </Activities>  
    </Activities>  
</Project>  